Desktop,Parking,Table
0.15156,0.055328,0.0077841
0.1471,0.044057,0.008822
